date,state,lf,lf_employed,lf_unemployed,lf_outside,p_rate,u_rate,quarter_period,year,quarter,region,qoq_change_pp,yoy_change_pp,state_rank_qtr
2017-01-01,Johor,1685.8,1634.6,51.2,816.9,67.4,3.0,2017Q1,2017,1,Southern,,,7
2017-04-01,Johor,1675.2,1616.0,59.2,823.5,67.0,3.5,2017Q2,2017,2,Southern,0.5,,10
2017-07-01,Johor,1675.4,1607.7,67.7,830.7,66.9,4.0,2017Q3,2017,3,Southern,0.5,,12
2017-10-01,Johor,1684.4,1632.6,51.8,825.4,67.1,3.1,2017Q4,2017,4,Southern,-0.8999999999999999,,9
2018-01-01,Johor,1740.3,1691.7,48.6,784.8,68.9,2.8,2018Q1,2018,1,Southern,-0.30000000000000027,-0.20000000000000018,7
2018-04-01,Johor,1756.2,1703.5,52.7,784.9,69.1,3.0,2018Q2,2018,2,Southern,0.20000000000000018,-0.5,7
2018-07-01,Johor,1771.6,1713.1,58.4,767.4,69.8,3.3,2018Q3,2018,3,Southern,0.2999999999999998,-0.7000000000000002,10
2018-10-01,Johor,1788.1,1739.0,49.1,761.3,70.1,2.7,2018Q4,2018,4,Southern,-0.5999999999999996,-0.3999999999999999,5
2019-01-01,Johor,1792.4,1743.2,49.3,763.4,70.1,2.8,2019Q1,2019,1,Southern,0.09999999999999964,0.0,5
2019-04-01,Johor,1920.9,1869.1,51.8,642.9,74.9,2.7,2019Q2,2019,2,Southern,-0.09999999999999964,-0.2999999999999998,7
2019-07-01,Johor,1714.6,1666.2,48.4,858.3,66.6,2.8,2019Q3,2019,3,Southern,0.09999999999999964,-0.5,9
2019-10-01,Johor,1783.5,1736.0,47.5,797.9,69.1,2.7,2019Q4,2019,4,Southern,-0.09999999999999964,0.0,9
2020-01-01,Johor,1771.9,1714.4,57.5,823.3,68.3,3.2,2020Q1,2020,1,Southern,0.5,0.40000000000000036,8
2020-04-01,Johor,1754.1,1673.0,81.2,857.4,67.2,4.6,2020Q2,2020,2,Southern,1.3999999999999995,1.8999999999999995,11
2020-07-01,Johor,1858.7,1792.2,66.5,793.9,70.1,3.6,2020Q3,2020,3,Southern,-0.9999999999999996,0.8000000000000003,4
2020-10-01,Johor,1824.4,1752.4,72.0,854.1,68.1,3.9,2020Q4,2020,4,Southern,0.2999999999999998,1.1999999999999997,5
2021-01-01,Johor,1793.4,1722.6,70.8,846.6,67.9,3.9,2021Q1,2021,1,Southern,0.0,0.6999999999999997,8
2021-04-01,Johor,1766.4,1698.6,67.8,847.6,67.6,3.8,2021Q2,2021,2,Southern,-0.10000000000000009,-0.7999999999999998,5
2021-07-01,Johor,1807.6,1735.2,72.4,824.0,68.7,4.0,2021Q3,2021,3,Southern,0.20000000000000018,0.3999999999999999,8
2021-10-01,Johor,1839.5,1774.2,65.3,807.6,69.5,3.6,2021Q4,2021,4,Southern,-0.3999999999999999,-0.2999999999999998,7
2022-01-01,Johor,1839.3,1780.7,58.6,834.1,68.8,3.2,2022Q1,2022,1,Southern,-0.3999999999999999,-0.6999999999999997,4
2022-04-01,Johor,1848.4,1795.0,53.4,813.2,69.4,2.9,2022Q2,2022,2,Southern,-0.30000000000000027,-0.8999999999999999,3
2022-07-01,Johor,1864.4,1818.1,46.3,810.7,69.7,2.5,2022Q3,2022,3,Southern,-0.3999999999999999,-1.5,2
2022-10-01,Johor,1856.0,1812.2,43.7,823.7,69.3,2.4,2022Q4,2022,4,Southern,-0.10000000000000009,-1.2000000000000002,4
2023-01-01,Johor,1878.7,1830.1,48.6,812.8,69.8,2.6,2023Q1,2023,1,Southern,0.20000000000000018,-0.6000000000000001,5
2023-04-01,Johor,1884.6,1838.7,46.0,811.5,69.9,2.4,2023Q2,2023,2,Southern,-0.20000000000000018,-0.5,5
2023-07-01,Johor,1910.2,1863.2,47.0,795.5,70.6,2.5,2023Q3,2023,3,Southern,0.10000000000000009,0.0,7
2023-10-01,Johor,1936.4,1891.8,44.6,788.5,71.1,2.3,2023Q4,2023,4,Southern,-0.20000000000000018,-0.10000000000000009,5
2024-01-01,Johor,2101.6,2055.1,46.5,853.3,71.1,2.2,2024Q1,2024,1,Southern,-0.09999999999999964,-0.3999999999999999,4
2024-04-01,Johor,2114.8,2067.6,47.2,840.6,71.6,2.2,2024Q2,2024,2,Southern,0.0,-0.19999999999999973,5
2024-07-01,Johor,2135.9,2088.3,47.6,846.3,71.6,2.2,2024Q3,2024,3,Southern,0.0,-0.2999999999999998,3
2024-10-01,Johor,2161.6,2110.1,51.6,847.4,71.8,2.4,2024Q4,2024,4,Southern,0.19999999999999973,0.10000000000000009,5
2025-01-01,Johor,2174.3,2124.5,49.9,856.7,71.7,2.3,2025Q1,2025,1,Southern,-0.10000000000000009,0.09999999999999964,5
2025-04-01,Johor,2182.7,2129.5,53.1,857.8,71.8,2.4,2025Q2,2025,2,Southern,0.10000000000000009,0.19999999999999973,5
2025-07-01,Johor,2206.3,2150.2,56.2,865.0,71.8,2.5,2025Q3,2025,3,Southern,0.10000000000000009,0.2999999999999998,6
2017-01-01,Kedah,934.4,910.8,23.6,503.5,65.0,2.5,2017Q1,2017,1,Northern,,,4
2017-04-01,Kedah,950.2,921.4,28.8,493.9,65.8,3.0,2017Q2,2017,2,Northern,0.5,,6
2017-07-01,Kedah,923.3,898.7,24.6,523.0,63.8,2.7,2017Q3,2017,3,Northern,-0.2999999999999998,,6
2017-10-01,Kedah,948.6,919.2,29.4,502.7,65.4,3.1,2017Q4,2017,4,Northern,0.3999999999999999,,9
2018-01-01,Kedah,944.1,915.8,28.2,528.0,64.1,3.0,2018Q1,2018,1,Northern,-0.10000000000000009,0.5,9
2018-04-01,Kedah,939.6,916.1,23.5,534.0,63.8,2.5,2018Q2,2018,2,Northern,-0.5,-0.5,6
2018-07-01,Kedah,922.4,893.3,29.0,558.9,62.3,3.1,2018Q3,2018,3,Northern,0.6000000000000001,0.3999999999999999,9
2018-10-01,Kedah,958.4,930.1,28.4,528.5,64.5,3.0,2018Q4,2018,4,Northern,-0.10000000000000009,-0.10000000000000009,8
2019-01-01,Kedah,956.9,928.5,28.3,536.1,64.1,3.0,2019Q1,2019,1,Northern,0.0,0.0,7
2019-04-01,Kedah,963.2,936.2,27.0,542.6,64.0,2.8,2019Q2,2019,2,Northern,-0.20000000000000018,0.2999999999999998,8
2019-07-01,Kedah,942.3,911.9,30.4,567.6,62.4,3.2,2019Q3,2019,3,Northern,0.40000000000000036,0.10000000000000009,10
2019-10-01,Kedah,943.0,914.1,28.9,568.4,62.4,3.1,2019Q4,2019,4,Northern,-0.10000000000000009,0.10000000000000009,10
2020-01-01,Kedah,982.2,946.2,36.0,540.5,64.5,3.7,2020Q1,2020,1,Northern,0.6000000000000001,0.7000000000000002,13
2020-04-01,Kedah,978.2,937.9,40.3,550.4,64.0,4.1,2020Q2,2020,2,Northern,0.39999999999999947,1.2999999999999998,7
2020-07-01,Kedah,961.7,919.5,42.2,575.0,62.6,4.4,2020Q3,2020,3,Northern,0.3000000000000007,1.2000000000000002,10
2020-10-01,Kedah,956.9,918.7,38.2,584.3,62.1,4.0,2020Q4,2020,4,Northern,-0.40000000000000036,0.8999999999999999,6
2021-01-01,Kedah,975.5,940.3,35.2,569.1,63.2,3.6,2021Q1,2021,1,Northern,-0.3999999999999999,-0.10000000000000009,3
2021-04-01,Kedah,997.8,959.0,38.8,555.4,64.2,3.9,2021Q2,2021,2,Northern,0.2999999999999998,-0.19999999999999973,6
2021-07-01,Kedah,1028.9,990.1,38.8,528.9,66.1,3.8,2021Q3,2021,3,Northern,-0.10000000000000009,-0.6000000000000005,6
2021-10-01,Kedah,1014.2,975.3,38.9,548.5,64.9,3.8,2021Q4,2021,4,Northern,0.0,-0.20000000000000018,8
2022-01-01,Kedah,1032.5,997.3,35.2,536.7,65.8,3.4,2022Q1,2022,1,Northern,-0.3999999999999999,-0.20000000000000018,9
2022-04-01,Kedah,1034.1,999.8,34.3,539.7,65.7,3.3,2022Q2,2022,2,Northern,-0.10000000000000009,-0.6000000000000001,7
2022-07-01,Kedah,1048.5,1017.3,31.2,533.7,66.3,3.0,2022Q3,2022,3,Northern,-0.2999999999999998,-0.7999999999999998,7
2022-10-01,Kedah,1057.3,1022.5,34.8,539.7,66.2,3.3,2022Q4,2022,4,Northern,0.2999999999999998,-0.5,12
2023-01-01,Kedah,1057.1,1027.3,29.8,537.4,66.3,2.8,2023Q1,2023,1,Northern,-0.5,-0.6000000000000001,8
2023-04-01,Kedah,1064.7,1036.7,28.0,536.4,66.5,2.6,2023Q2,2023,2,Northern,-0.19999999999999973,-0.6999999999999997,7
2023-07-01,Kedah,1068.4,1043.8,24.6,540.0,66.4,2.3,2023Q3,2023,3,Northern,-0.30000000000000027,-0.7000000000000002,3
2023-10-01,Kedah,1082.7,1060.2,22.5,533.6,67.0,2.1,2023Q4,2023,4,Northern,-0.19999999999999973,-1.1999999999999997,4
2024-01-01,Kedah,990.8,964.0,26.8,491.9,66.8,2.7,2024Q1,2024,1,Northern,0.6000000000000001,-0.09999999999999964,7
2024-04-01,Kedah,995.3,971.0,24.2,498.3,66.6,2.4,2024Q2,2024,2,Northern,-0.30000000000000027,-0.20000000000000018,6
2024-07-01,Kedah,984.4,960.3,24.1,504.0,66.1,2.5,2024Q3,2024,3,Northern,0.10000000000000009,0.20000000000000018,6
2024-10-01,Kedah,989.2,965.3,23.8,508.1,66.1,2.4,2024Q4,2024,4,Northern,-0.10000000000000009,0.2999999999999998,5
2025-01-01,Kedah,1003.3,978.2,25.1,510.3,66.3,2.5,2025Q1,2025,1,Northern,0.10000000000000009,-0.20000000000000018,6
2025-04-01,Kedah,1010.9,985.3,25.6,508.4,66.5,2.5,2025Q2,2025,2,Northern,0.0,0.10000000000000009,6
2025-07-01,Kedah,1002.7,978.2,24.5,514.4,66.1,2.4,2025Q3,2025,3,Northern,-0.10000000000000009,-0.10000000000000009,4
2017-01-01,Kelantan,693.7,669.9,23.8,442.5,61.1,3.4,2017Q1,2017,1,East Coast,,,9
2017-04-01,Kelantan,716.0,694.5,21.5,430.3,62.5,3.0,2017Q2,2017,2,East Coast,-0.3999999999999999,,6
2017-07-01,Kelantan,689.0,665.1,23.9,460.0,60.0,3.5,2017Q3,2017,3,East Coast,0.5,,11
2017-10-01,Kelantan,712.3,682.3,30.0,444.1,61.6,4.2,2017Q4,2017,4,East Coast,0.7000000000000002,,12
2018-01-01,Kelantan,724.2,695.3,28.9,455.4,61.4,4.0,2018Q1,2018,1,East Coast,-0.20000000000000018,0.6000000000000001,12
2018-04-01,Kelantan,711.6,677.3,34.3,462.0,60.6,4.8,2018Q2,2018,2,East Coast,0.7999999999999998,1.7999999999999998,13
2018-07-01,Kelantan,706.3,675.1,31.2,474.3,59.8,4.4,2018Q3,2018,3,East Coast,-0.39999999999999947,0.9000000000000004,13
2018-10-01,Kelantan,727.3,693.2,34.1,463.6,61.1,4.7,2018Q4,2018,4,East Coast,0.2999999999999998,0.5,15
2019-01-01,Kelantan,717.1,685.7,31.4,478.8,60.0,4.4,2019Q1,2019,1,East Coast,-0.2999999999999998,0.40000000000000036,13
2019-04-01,Kelantan,696.2,661.9,34.3,510.7,57.7,4.9,2019Q2,2019,2,East Coast,0.5,0.10000000000000053,15
2019-07-01,Kelantan,716.9,680.6,36.3,498.9,59.0,5.1,2019Q3,2019,3,East Coast,0.1999999999999993,0.6999999999999993,15
2019-10-01,Kelantan,738.6,701.2,37.4,488.0,60.2,5.1,2019Q4,2019,4,East Coast,0.0,0.39999999999999947,15
2020-01-01,Kelantan,732.4,702.0,30.4,495.0,59.7,4.2,2020Q1,2020,1,East Coast,-0.8999999999999995,-0.20000000000000018,14
2020-04-01,Kelantan,723.6,692.9,30.7,509.7,58.7,4.2,2020Q2,2020,2,East Coast,0.0,-0.7000000000000002,8
2020-07-01,Kelantan,715.8,683.2,32.7,525.8,57.7,4.6,2020Q3,2020,3,East Coast,0.39999999999999947,-0.5,11
2020-10-01,Kelantan,703.9,675.3,28.6,544.8,56.4,4.1,2020Q4,2020,4,East Coast,-0.5,-1.0,8
2021-01-01,Kelantan,698.3,667.8,30.5,562.0,55.4,4.4,2021Q1,2021,1,East Coast,0.3000000000000007,0.20000000000000018,9
2021-04-01,Kelantan,721.9,687.4,34.5,542.4,57.1,4.8,2021Q2,2021,2,East Coast,0.39999999999999947,0.5999999999999996,13
2021-07-01,Kelantan,747.6,709.7,37.9,522.4,58.9,5.1,2021Q3,2021,3,East Coast,0.2999999999999998,0.5,14
2021-10-01,Kelantan,773.5,737.2,36.2,500.8,60.7,4.7,2021Q4,2021,4,East Coast,-0.39999999999999947,0.6000000000000005,13
2022-01-01,Kelantan,787.9,757.3,30.6,493.2,61.5,3.9,2022Q1,2022,1,East Coast,-0.8000000000000003,-0.5000000000000004,12
2022-04-01,Kelantan,791.0,760.8,30.3,498.4,61.3,3.8,2022Q2,2022,2,East Coast,-0.10000000000000009,-1.0,12
2022-07-01,Kelantan,792.0,763.1,28.9,504.3,61.1,3.6,2022Q3,2022,3,East Coast,-0.19999999999999973,-1.4999999999999996,13
2022-10-01,Kelantan,800.7,768.0,32.8,505.5,61.3,4.1,2022Q4,2022,4,East Coast,0.49999999999999956,-0.6000000000000005,13
2023-01-01,Kelantan,805.2,773.8,31.3,506.2,61.4,3.9,2023Q1,2023,1,East Coast,-0.19999999999999973,0.0,13
2023-04-01,Kelantan,808.2,776.4,31.8,510.2,61.3,3.9,2023Q2,2023,2,East Coast,0.0,0.10000000000000009,13
2023-07-01,Kelantan,818.6,784.7,33.9,508.1,61.7,4.1,2023Q3,2023,3,East Coast,0.19999999999999973,0.49999999999999956,13
2023-10-01,Kelantan,829.7,796.6,33.1,507.3,62.1,4.0,2023Q4,2023,4,East Coast,-0.09999999999999964,-0.09999999999999964,13
2024-01-01,Kelantan,708.6,680.3,28.3,505.5,58.4,4.0,2024Q1,2024,1,East Coast,0.0,0.10000000000000009,13
2024-04-01,Kelantan,721.1,694.4,26.7,503.8,58.9,3.7,2024Q2,2024,2,East Coast,-0.2999999999999998,-0.19999999999999973,13
2024-07-01,Kelantan,735.4,707.4,28.0,492.4,59.9,3.8,2024Q3,2024,3,East Coast,0.09999999999999964,-0.2999999999999998,13
2024-10-01,Kelantan,738.6,706.6,32.0,495.3,59.9,4.3,2024Q4,2024,4,East Coast,0.5,0.2999999999999998,14
2025-01-01,Kelantan,738.7,707.8,30.8,503.0,59.5,4.2,2025Q1,2025,1,East Coast,-0.09999999999999964,0.20000000000000018,14
2025-04-01,Kelantan,748.2,715.3,32.9,505.4,59.7,4.4,2025Q2,2025,2,East Coast,0.20000000000000018,0.7000000000000002,14
2025-07-01,Kelantan,752.1,717.8,34.4,506.2,59.8,4.6,2025Q3,2025,3,East Coast,0.1999999999999993,0.7999999999999998,14
2017-01-01,Melaka,412.2,406.4,5.8,213.7,65.9,1.4,2017Q1,2017,1,Southern,,,2
2017-04-01,Melaka,406.8,403.4,3.4,225.4,64.3,0.8,2017Q2,2017,2,Southern,-0.5999999999999999,,1
2017-07-01,Melaka,412.3,409.9,2.4,217.2,65.5,0.6,2017Q3,2017,3,Southern,-0.20000000000000007,,1
2017-10-01,Melaka,416.0,411.2,4.8,213.9,66.0,1.2,2017Q4,2017,4,Southern,0.6,,1
2018-01-01,Melaka,422.0,418.3,3.7,208.5,66.9,0.9,2018Q1,2018,1,Southern,-0.29999999999999993,-0.4999999999999999,1
2018-04-01,Melaka,424.2,419.2,5.0,207.1,67.2,1.2,2018Q2,2018,2,Southern,0.29999999999999993,0.3999999999999999,1
2018-07-01,Melaka,424.5,418.3,6.2,210.6,66.8,1.5,2018Q3,2018,3,Southern,0.30000000000000004,0.9,2
2018-10-01,Melaka,426.2,418.9,7.3,213.2,66.7,1.7,2018Q4,2018,4,Southern,0.19999999999999996,0.5,2
2019-01-01,Melaka,425.7,418.6,7.1,212.5,66.7,1.7,2019Q1,2019,1,Southern,0.0,0.7999999999999999,2
2019-04-01,Melaka,452.6,446.9,5.7,190.6,70.4,1.3,2019Q2,2019,2,Southern,-0.3999999999999999,0.10000000000000009,2
2019-07-01,Melaka,433.0,426.2,6.8,211.0,67.2,1.6,2019Q3,2019,3,Southern,0.30000000000000004,0.10000000000000009,2
2019-10-01,Melaka,435.9,428.7,7.1,208.8,67.6,1.6,2019Q4,2019,4,Southern,0.0,-0.09999999999999987,2
2020-01-01,Melaka,444.4,438.9,5.5,202.4,68.7,1.2,2020Q1,2020,1,Southern,-0.40000000000000013,-0.5,2
2020-04-01,Melaka,439.6,430.0,9.7,210.5,67.6,2.2,2020Q2,2020,2,Southern,1.0000000000000002,0.9000000000000001,2
2020-07-01,Melaka,426.1,415.5,10.6,220.7,65.9,2.5,2020Q3,2020,3,Southern,0.2999999999999998,0.8999999999999999,2
2020-10-01,Melaka,432.6,416.5,16.1,224.5,65.8,3.7,2020Q4,2020,4,Southern,1.2000000000000002,2.1,3
2021-01-01,Melaka,436.4,420.8,15.7,217.7,66.7,3.6,2021Q1,2021,1,Southern,-0.10000000000000009,2.4000000000000004,3
2021-04-01,Melaka,433.4,417.6,15.7,220.3,66.3,3.6,2021Q2,2021,2,Southern,0.0,1.4,3
2021-07-01,Melaka,454.3,440.5,13.8,212.0,68.2,3.0,2021Q3,2021,3,Southern,-0.6000000000000001,0.5,2
2021-10-01,Melaka,461.2,447.0,14.2,203.5,69.4,3.1,2021Q4,2021,4,Southern,0.10000000000000009,-0.6000000000000001,3
2022-01-01,Melaka,453.1,439.5,13.6,210.6,68.3,3.0,2022Q1,2022,1,Southern,-0.10000000000000009,-0.6000000000000001,3
2022-04-01,Melaka,463.0,448.0,15.0,211.2,68.7,3.2,2022Q2,2022,2,Southern,0.20000000000000018,-0.3999999999999999,6
2022-07-01,Melaka,463.2,451.1,12.1,207.3,69.1,2.6,2022Q3,2022,3,Southern,-0.6000000000000001,-0.3999999999999999,4
2022-10-01,Melaka,454.2,441.9,12.3,222.7,67.1,2.7,2022Q4,2022,4,Southern,0.10000000000000009,-0.3999999999999999,6
2023-01-01,Melaka,453.7,440.5,13.2,226.1,66.7,2.9,2023Q1,2023,1,Southern,0.19999999999999973,-0.10000000000000009,9
2023-04-01,Melaka,452.1,440.0,12.1,227.7,66.5,2.7,2023Q2,2023,2,Southern,-0.19999999999999973,-0.5,8
2023-07-01,Melaka,458.0,445.4,12.6,224.6,67.1,2.8,2023Q3,2023,3,Southern,0.09999999999999964,0.19999999999999973,9
2023-10-01,Melaka,461.9,450.1,11.8,222.8,67.5,2.6,2023Q4,2023,4,Southern,-0.19999999999999973,-0.10000000000000009,9
2024-01-01,Melaka,514.1,504.1,10.1,224.0,69.6,2.0,2024Q1,2024,1,Southern,-0.6000000000000001,-0.8999999999999999,2
2024-04-01,Melaka,523.8,514.6,9.2,219.3,70.5,1.8,2024Q2,2024,2,Southern,-0.19999999999999996,-0.9000000000000001,1
2024-07-01,Melaka,521.1,511.6,9.5,223.9,69.9,1.8,2024Q3,2024,3,Southern,0.0,-0.9999999999999998,2
2024-10-01,Melaka,522.4,510.7,11.7,228.2,69.6,2.2,2024Q4,2024,4,Southern,0.40000000000000013,-0.3999999999999999,3
2025-01-01,Melaka,524.5,514.6,9.9,234.5,69.1,1.9,2025Q1,2025,1,Southern,-0.30000000000000027,-0.10000000000000009,2
2025-04-01,Melaka,530.9,519.5,11.4,235.7,69.3,2.2,2025Q2,2025,2,Southern,0.30000000000000027,0.40000000000000013,4
2025-07-01,Melaka,534.6,521.6,13.0,237.5,69.2,2.4,2025Q3,2025,3,Southern,0.19999999999999973,0.5999999999999999,4
2017-01-01,Negeri Sembilan,476.1,459.7,16.4,283.6,62.7,3.4,2017Q1,2017,1,Central,,,9
2017-04-01,Negeri Sembilan,498.2,486.6,11.6,260.1,65.7,2.3,2017Q2,2017,2,Central,-1.1,,4
2017-07-01,Negeri Sembilan,508.2,495.1,13.1,250.3,67.0,2.6,2017Q3,2017,3,Central,0.30000000000000027,,4
2017-10-01,Negeri Sembilan,503.2,488.3,14.9,258.3,66.1,3.0,2017Q4,2017,4,Central,0.3999999999999999,,8
2018-01-01,Negeri Sembilan,515.6,499.2,16.3,250.5,67.3,3.2,2018Q1,2018,1,Central,0.20000000000000018,-0.19999999999999973,10
2018-04-01,Negeri Sembilan,498.2,480.5,17.6,265.6,65.2,3.5,2018Q2,2018,2,Central,0.2999999999999998,1.2000000000000002,10
2018-07-01,Negeri Sembilan,502.6,485.3,17.2,265.7,65.4,3.4,2018Q3,2018,3,Central,-0.10000000000000009,0.7999999999999998,11
2018-10-01,Negeri Sembilan,504.2,489.7,14.5,262.6,65.8,2.9,2018Q4,2018,4,Central,-0.5,-0.10000000000000009,7
2019-01-01,Negeri Sembilan,503.0,488.0,15.0,265.2,65.5,3.0,2019Q1,2019,1,Central,0.10000000000000009,-0.20000000000000018,7
2019-04-01,Negeri Sembilan,508.4,495.8,12.6,263.7,65.8,2.5,2019Q2,2019,2,Central,-0.5,-1.0,4
2019-07-01,Negeri Sembilan,498.4,487.7,10.7,276.6,64.3,2.1,2019Q3,2019,3,Central,-0.3999999999999999,-1.2999999999999998,4
2019-10-01,Negeri Sembilan,513.8,500.5,13.2,263.3,66.1,2.6,2019Q4,2019,4,Central,0.5,-0.2999999999999998,8
2020-01-01,Negeri Sembilan,507.8,491.0,16.8,269.9,65.3,3.3,2020Q1,2020,1,Central,0.6999999999999997,0.2999999999999998,9
2020-04-01,Negeri Sembilan,502.5,484.3,18.2,273.3,64.8,3.6,2020Q2,2020,2,Central,0.30000000000000027,1.1,4
2020-07-01,Negeri Sembilan,500.0,481.5,18.5,279.8,64.1,3.7,2020Q3,2020,3,Central,0.10000000000000009,1.6,5
2020-10-01,Negeri Sembilan,491.2,470.4,20.8,287.8,63.1,4.2,2020Q4,2020,4,Central,0.5,1.6,9
2021-01-01,Negeri Sembilan,498.1,479.5,18.7,282.3,63.8,3.7,2021Q1,2021,1,Central,-0.5,0.40000000000000036,6
2021-04-01,Negeri Sembilan,505.6,488.1,17.5,268.4,65.3,3.5,2021Q2,2021,2,Central,-0.20000000000000018,-0.10000000000000009,2
2021-07-01,Negeri Sembilan,512.0,493.2,18.8,276.6,64.9,3.7,2021Q3,2021,3,Central,0.20000000000000018,0.0,4
2021-10-01,Negeri Sembilan,509.8,494.0,15.7,274.8,65.0,3.1,2021Q4,2021,4,Central,-0.6000000000000001,-1.1,3
2022-01-01,Negeri Sembilan,510.0,493.3,16.7,273.7,65.1,3.3,2022Q1,2022,1,Central,0.19999999999999973,-0.40000000000000036,7
2022-04-01,Negeri Sembilan,511.5,494.7,16.9,271.8,65.3,3.3,2022Q2,2022,2,Central,0.0,-0.20000000000000018,7
2022-07-01,Negeri Sembilan,525.0,509.2,15.8,266.4,66.3,3.0,2022Q3,2022,3,Central,-0.2999999999999998,-0.7000000000000002,7
2022-10-01,Negeri Sembilan,532.0,518.0,14.0,259.9,67.2,2.6,2022Q4,2022,4,Central,-0.3999999999999999,-0.5,5
2023-01-01,Negeri Sembilan,530.4,517.2,13.2,257.1,67.3,2.5,2023Q1,2023,1,Central,-0.10000000000000009,-0.7999999999999998,4
2023-04-01,Negeri Sembilan,530.4,518.5,11.9,261.2,67.0,2.3,2023Q2,2023,2,Central,-0.20000000000000018,-1.0,4
2023-07-01,Negeri Sembilan,535.7,522.7,13.0,255.6,67.7,2.4,2023Q3,2023,3,Central,0.10000000000000009,-0.6000000000000001,5
2023-10-01,Negeri Sembilan,529.6,517.1,12.5,262.5,66.9,2.4,2023Q4,2023,4,Central,0.0,-0.20000000000000018,7
2024-01-01,Negeri Sembilan,572.2,556.2,16.0,272.0,67.8,2.8,2024Q1,2024,1,Central,0.3999999999999999,0.2999999999999998,8
2024-04-01,Negeri Sembilan,571.7,555.5,16.3,276.0,67.4,2.8,2024Q2,2024,2,Central,0.0,0.5,8
2024-07-01,Negeri Sembilan,569.6,552.3,17.3,278.5,67.2,3.0,2024Q3,2024,3,Central,0.20000000000000018,0.6000000000000001,9
2024-10-01,Negeri Sembilan,575.1,558.2,16.9,282.6,67.1,2.9,2024Q4,2024,4,Central,-0.10000000000000009,0.5,8
2025-01-01,Negeri Sembilan,577.9,561.6,16.3,283.1,67.1,2.8,2025Q1,2025,1,Central,-0.10000000000000009,0.0,9
2025-04-01,Negeri Sembilan,583.0,566.3,16.7,282.8,67.3,2.9,2025Q2,2025,2,Central,0.10000000000000009,0.10000000000000009,9
2025-07-01,Negeri Sembilan,585.1,567.8,17.3,283.2,67.4,3.0,2025Q3,2025,3,Central,0.10000000000000009,0.0,9
2017-01-01,Pahang,715.9,697.2,18.6,369.6,65.9,2.6,2017Q1,2017,1,East Coast,,,5
2017-04-01,Pahang,717.1,695.4,21.6,375.6,65.6,3.0,2017Q2,2017,2,East Coast,0.3999999999999999,,6
2017-07-01,Pahang,714.8,690.6,24.1,375.1,65.6,3.4,2017Q3,2017,3,East Coast,0.3999999999999999,,10
2017-10-01,Pahang,708.8,689.7,19.1,383.2,64.9,2.7,2017Q4,2017,4,East Coast,-0.6999999999999997,,6
2018-01-01,Pahang,735.0,715.2,19.8,368.6,66.6,2.7,2018Q1,2018,1,East Coast,0.0,0.10000000000000009,6
2018-04-01,Pahang,743.4,726.5,16.9,361.3,67.3,2.3,2018Q2,2018,2,East Coast,-0.40000000000000036,-0.7000000000000002,5
2018-07-01,Pahang,735.7,720.0,15.7,373.6,66.3,2.1,2018Q3,2018,3,East Coast,-0.19999999999999973,-1.2999999999999998,3
2018-10-01,Pahang,740.2,717.3,22.9,369.5,66.7,3.1,2018Q4,2018,4,East Coast,1.0,0.3999999999999999,9
2019-01-01,Pahang,739.4,717.5,21.9,371.7,66.5,3.0,2019Q1,2019,1,East Coast,-0.10000000000000009,0.2999999999999998,7
2019-04-01,Pahang,738.4,712.8,25.6,383.7,65.8,3.5,2019Q2,2019,2,East Coast,0.5,1.2000000000000002,10
2019-07-01,Pahang,742.8,724.5,18.3,375.7,66.4,2.5,2019Q3,2019,3,East Coast,-1.0,0.3999999999999999,6
2019-10-01,Pahang,759.1,742.8,16.3,360.8,67.8,2.2,2019Q4,2019,4,East Coast,-0.2999999999999998,-0.8999999999999999,4
2020-01-01,Pahang,756.8,733.7,23.1,370.7,67.1,3.0,2020Q1,2020,1,East Coast,0.7999999999999998,0.0,7
2020-04-01,Pahang,750.6,727.2,23.4,379.6,66.4,3.1,2020Q2,2020,2,East Coast,0.10000000000000009,-0.3999999999999999,3
2020-07-01,Pahang,760.9,739.4,21.5,371.6,67.2,2.8,2020Q3,2020,3,East Coast,-0.30000000000000027,0.2999999999999998,3
2020-10-01,Pahang,718.6,694.9,23.6,418.0,63.2,3.3,2020Q4,2020,4,East Coast,0.5,1.0999999999999996,2
2021-01-01,Pahang,733.6,706.9,26.7,407.9,64.3,3.6,2021Q1,2021,1,East Coast,0.30000000000000027,0.6000000000000001,3
2021-04-01,Pahang,733.4,707.3,26.1,397.5,64.9,3.6,2021Q2,2021,2,East Coast,0.0,0.5,3
2021-07-01,Pahang,751.8,723.6,28.2,396.8,65.5,3.8,2021Q3,2021,3,East Coast,0.19999999999999973,1.0,6
2021-10-01,Pahang,735.8,711.6,24.2,412.1,64.1,3.3,2021Q4,2021,4,East Coast,-0.5,0.0,6
2022-01-01,Pahang,750.7,732.4,18.4,397.2,65.4,2.4,2022Q1,2022,1,East Coast,-0.8999999999999999,-1.2000000000000002,2
2022-04-01,Pahang,745.8,725.6,20.2,405.6,64.8,2.7,2022Q2,2022,2,East Coast,0.30000000000000027,-0.8999999999999999,2
2022-07-01,Pahang,744.5,722.9,21.6,406.7,64.7,2.9,2022Q3,2022,3,East Coast,0.19999999999999973,-0.8999999999999999,6
2022-10-01,Pahang,757.2,736.5,20.7,397.7,65.6,2.7,2022Q4,2022,4,East Coast,-0.19999999999999973,-0.5999999999999996,6
2023-01-01,Pahang,760.6,741.1,19.4,395.3,65.8,2.6,2023Q1,2023,1,East Coast,-0.10000000000000009,0.20000000000000018,5
2023-04-01,Pahang,766.9,745.3,21.6,395.1,66.0,2.8,2023Q2,2023,2,East Coast,0.19999999999999973,0.09999999999999964,9
2023-07-01,Pahang,763.9,743.4,20.6,402.4,65.5,2.7,2023Q3,2023,3,East Coast,-0.09999999999999964,-0.19999999999999973,8
2023-10-01,Pahang,761.8,742.6,19.2,407.2,65.2,2.5,2023Q4,2023,4,East Coast,-0.20000000000000018,-0.20000000000000018,8
2024-01-01,Pahang,738.0,722.0,16.1,413.0,64.1,2.2,2024Q1,2024,1,East Coast,-0.2999999999999998,-0.3999999999999999,4
2024-04-01,Pahang,748.6,732.7,15.9,407.8,64.7,2.1,2024Q2,2024,2,East Coast,-0.10000000000000009,-0.6999999999999997,4
2024-07-01,Pahang,752.8,736.5,16.4,410.0,64.7,2.2,2024Q3,2024,3,East Coast,0.10000000000000009,-0.5,3
2024-10-01,Pahang,768.6,751.9,16.7,404.5,65.5,2.2,2024Q4,2024,4,East Coast,0.0,-0.2999999999999998,3
2025-01-01,Pahang,778.5,763.4,15.2,400.1,66.1,1.9,2025Q1,2025,1,East Coast,-0.30000000000000027,-0.30000000000000027,2
2025-04-01,Pahang,783.6,769.6,14.0,402.7,66.1,1.8,2025Q2,2025,2,East Coast,-0.09999999999999987,-0.30000000000000004,2
2025-07-01,Pahang,788.8,775.0,13.8,406.3,66.0,1.7,2025Q3,2025,3,East Coast,-0.10000000000000009,-0.5000000000000002,2
2017-01-01,Perak,1051.8,1006.6,45.2,614.9,63.1,4.3,2017Q1,2017,1,Northern,,,14
2017-04-01,Perak,1062.8,1018.9,43.8,606.2,63.7,4.1,2017Q2,2017,2,Northern,-0.20000000000000018,,13
2017-07-01,Perak,1045.7,1013.8,31.8,615.6,62.9,3.0,2017Q3,2017,3,Northern,-1.0999999999999996,,8
2017-10-01,Perak,1043.2,999.0,44.2,623.8,62.6,4.2,2017Q4,2017,4,Northern,1.2000000000000002,,12
2018-01-01,Perak,1056.4,1010.0,46.3,635.9,62.4,4.4,2018Q1,2018,1,Northern,0.20000000000000018,0.10000000000000053,13
2018-04-01,Perak,1065.5,1028.7,36.9,618.2,63.3,3.5,2018Q2,2018,2,Northern,-0.9000000000000004,-0.5999999999999996,10
2018-07-01,Perak,1115.1,1086.9,28.1,579.2,65.8,2.5,2018Q3,2018,3,Northern,-1.0,-0.5,6
2018-10-01,Perak,1060.0,1030.4,29.5,632.1,62.6,2.8,2018Q4,2018,4,Northern,0.2999999999999998,-1.4000000000000004,6
2019-01-01,Perak,1088.8,1044.7,44.1,605.8,64.3,4.1,2019Q1,2019,1,Northern,1.2999999999999998,-0.3000000000000007,12
2019-04-01,Perak,1065.8,1016.2,49.6,631.8,62.8,4.7,2019Q2,2019,2,Northern,0.6000000000000005,1.2000000000000002,14
2019-07-01,Perak,1095.7,1051.8,43.9,603.5,64.5,4.0,2019Q3,2019,3,Northern,-0.7000000000000002,1.5,14
2019-10-01,Perak,1103.1,1052.1,51.0,595.2,65.0,4.6,2019Q4,2019,4,Northern,0.5999999999999996,1.7999999999999998,14
2020-01-01,Perak,1110.0,1063.7,46.2,607.9,64.6,4.2,2020Q1,2020,1,Northern,-0.39999999999999947,0.10000000000000053,14
2020-04-01,Perak,1094.2,1034.8,59.4,609.3,64.2,5.4,2020Q2,2020,2,Northern,1.2000000000000002,0.7000000000000002,13
2020-07-01,Perak,1115.4,1062.3,53.1,598.5,65.1,4.8,2020Q3,2020,3,Northern,-0.6000000000000005,0.7999999999999998,13
2020-10-01,Perak,1088.8,1035.8,52.9,623.9,63.6,4.9,2020Q4,2020,4,Northern,0.10000000000000053,0.3000000000000007,12
2021-01-01,Perak,1088.4,1038.9,49.5,625.2,63.5,4.6,2021Q1,2021,1,Northern,-0.3000000000000007,0.39999999999999947,11
2021-04-01,Perak,1124.8,1075.2,49.7,585.6,65.8,4.4,2021Q2,2021,2,Northern,-0.1999999999999993,-1.0,9
2021-07-01,Perak,1113.7,1060.7,52.9,595.8,65.1,4.8,2021Q3,2021,3,Northern,0.39999999999999947,0.0,11
2021-10-01,Perak,1110.7,1062.8,47.9,611.3,64.5,4.3,2021Q4,2021,4,Northern,-0.5,-0.6000000000000005,12
2022-01-01,Perak,1128.3,1085.6,42.7,591.7,65.6,3.8,2022Q1,2022,1,Northern,-0.5,-0.7999999999999998,11
2022-04-01,Perak,1143.7,1103.0,40.7,585.6,66.1,3.6,2022Q2,2022,2,Northern,-0.19999999999999973,-0.8000000000000003,11
2022-07-01,Perak,1149.4,1114.2,35.3,579.2,66.5,3.1,2022Q3,2022,3,Northern,-0.5,-1.6999999999999997,10
2022-10-01,Perak,1122.7,1090.8,31.9,599.1,65.2,2.8,2022Q4,2022,4,Northern,-0.30000000000000027,-1.5,8
2023-01-01,Perak,1121.2,1085.7,35.5,603.3,65.0,3.2,2023Q1,2023,1,Northern,0.40000000000000036,-0.5999999999999996,10
2023-04-01,Perak,1120.5,1084.3,36.2,605.9,64.9,3.2,2023Q2,2023,2,Northern,0.0,-0.3999999999999999,10
2023-07-01,Perak,1121.8,1085.2,36.6,610.0,64.8,3.3,2023Q3,2023,3,Northern,0.09999999999999964,0.19999999999999973,10
2023-10-01,Perak,1130.3,1092.5,37.8,604.3,65.2,3.3,2023Q4,2023,4,Northern,0.0,0.5,10
2024-01-01,Perak,1206.9,1165.2,41.7,554.6,68.5,3.5,2024Q1,2024,1,Northern,0.20000000000000018,0.2999999999999998,10
2024-04-01,Perak,1193.2,1155.6,37.6,574.3,67.5,3.2,2024Q2,2024,2,Northern,-0.2999999999999998,0.0,10
2024-07-01,Perak,1194.7,1156.3,38.5,578.8,67.4,3.2,2024Q3,2024,3,Northern,0.0,-0.09999999999999964,12
2024-10-01,Perak,1186.4,1146.6,39.8,596.6,66.5,3.4,2024Q4,2024,4,Northern,0.19999999999999973,0.10000000000000009,10
2025-01-01,Perak,1206.9,1168.7,38.2,585.8,67.3,3.2,2025Q1,2025,1,Northern,-0.19999999999999973,-0.2999999999999998,11
2025-04-01,Perak,1212.1,1170.6,41.5,586.3,67.4,3.4,2025Q2,2025,2,Northern,0.19999999999999973,0.19999999999999973,13
2025-07-01,Perak,1224.8,1179.5,45.3,585.4,67.7,3.7,2025Q3,2025,3,Northern,0.30000000000000027,0.5,13
2017-01-01,Perlis,101.2,98.6,2.6,68.3,59.7,2.6,2017Q1,2017,1,Northern,,,5
2017-04-01,Perlis,99.0,95.2,3.8,70.7,58.3,3.8,2017Q2,2017,2,Northern,1.1999999999999997,,12
2017-07-01,Perlis,104.5,100.2,4.3,65.6,61.4,4.1,2017Q3,2017,3,Northern,0.2999999999999998,,13
2017-10-01,Perlis,103.5,100.3,3.2,68.0,60.3,3.1,2017Q4,2017,4,Northern,-0.9999999999999996,,9
2018-01-01,Perlis,107.2,104.6,2.6,61.0,63.7,2.4,2018Q1,2018,1,Northern,-0.7000000000000002,-0.20000000000000018,5
2018-04-01,Perlis,114.4,110.4,4.0,57.2,66.6,3.5,2018Q2,2018,2,Northern,1.1,-0.2999999999999998,10
2018-07-01,Perlis,110.3,105.4,4.9,61.3,64.3,4.4,2018Q3,2018,3,Northern,0.9000000000000004,0.3000000000000007,13
2018-10-01,Perlis,109.4,104.3,5.0,63.8,63.1,4.6,2018Q4,2018,4,Northern,0.1999999999999993,1.4999999999999996,14
2019-01-01,Perlis,113.8,108.1,5.7,59.7,65.6,5.0,2019Q1,2019,1,Northern,0.40000000000000036,2.6,15
2019-04-01,Perlis,114.8,110.5,4.3,58.8,66.1,3.8,2019Q2,2019,2,Northern,-1.2000000000000002,0.2999999999999998,11
2019-07-01,Perlis,111.0,106.9,4.1,63.5,63.6,3.7,2019Q3,2019,3,Northern,-0.09999999999999964,-0.7000000000000002,13
2019-10-01,Perlis,114.7,112.4,2.3,60.5,65.5,2.0,2019Q4,2019,4,Northern,-1.7000000000000002,-2.5999999999999996,3
2020-01-01,Perlis,116.3,112.0,4.2,57.4,67.0,3.6,2020Q1,2020,1,Northern,1.6,-1.4,12
2020-04-01,Perlis,114.8,110.0,4.8,59.4,65.9,4.2,2020Q2,2020,2,Northern,0.6000000000000001,0.40000000000000036,8
2020-07-01,Perlis,104.2,99.3,4.9,71.6,59.3,4.7,2020Q3,2020,3,Northern,0.5,1.0,12
2020-10-01,Perlis,111.7,106.0,5.7,65.7,63.0,5.1,2020Q4,2020,4,Northern,0.39999999999999947,3.0999999999999996,14
2021-01-01,Perlis,110.8,105.0,5.8,66.3,62.6,5.3,2021Q1,2021,1,Northern,0.20000000000000018,1.6999999999999997,14
2021-04-01,Perlis,117.4,111.2,6.2,62.3,65.3,5.3,2021Q2,2021,2,Northern,0.0,1.0999999999999996,14
2021-07-01,Perlis,113.0,107.5,5.5,64.2,63.8,4.9,2021Q3,2021,3,Northern,-0.39999999999999947,0.20000000000000018,13
2021-10-01,Perlis,116.1,111.2,4.9,63.9,64.5,4.2,2021Q4,2021,4,Northern,-0.7000000000000002,-0.8999999999999995,11
2022-01-01,Perlis,115.3,111.4,3.9,62.9,64.7,3.4,2022Q1,2022,1,Northern,-0.8000000000000003,-1.9,9
2022-04-01,Perlis,116.0,112.3,3.8,62.8,64.9,3.3,2022Q2,2022,2,Northern,-0.10000000000000009,-2.0,7
2022-07-01,Perlis,119.0,116.0,3.0,60.6,66.3,2.5,2022Q3,2022,3,Northern,-0.7999999999999998,-2.4000000000000004,2
2022-10-01,Perlis,118.2,115.6,2.6,62.6,65.4,2.2,2022Q4,2022,4,Northern,-0.2999999999999998,-2.0,2
2023-01-01,Perlis,118.3,115.8,2.5,61.5,65.8,2.1,2023Q1,2023,1,Northern,-0.10000000000000009,-1.2999999999999998,2
2023-04-01,Perlis,119.7,117.0,2.7,62.2,65.8,2.2,2023Q2,2023,2,Northern,0.10000000000000009,-1.0999999999999996,3
2023-07-01,Perlis,121.2,118.4,2.9,61.4,66.4,2.4,2023Q3,2023,3,Northern,0.19999999999999973,-0.10000000000000009,5
2023-10-01,Perlis,120.0,117.6,2.4,61.9,66.0,2.0,2023Q4,2023,4,Northern,-0.3999999999999999,-0.20000000000000018,2
2024-01-01,Perlis,137.2,130.8,6.4,80.1,63.1,4.7,2024Q1,2024,1,Northern,2.7,2.6,14
2024-04-01,Perlis,135.5,130.3,5.2,78.8,63.2,3.8,2024Q2,2024,2,Northern,-0.9000000000000004,1.5999999999999996,14
2024-07-01,Perlis,135.5,130.4,5.1,79.1,63.1,3.8,2024Q3,2024,3,Northern,0.0,1.4,13
2024-10-01,Perlis,134.8,129.9,4.9,81.0,62.5,3.7,2024Q4,2024,4,Northern,-0.09999999999999964,1.7000000000000002,13
2025-01-01,Perlis,137.6,133.0,4.5,79.8,63.3,3.3,2025Q1,2025,1,Northern,-0.40000000000000036,-1.4000000000000004,12
2025-04-01,Perlis,138.3,133.7,4.6,80.0,63.4,3.3,2025Q2,2025,2,Northern,0.0,-0.5,11
2025-07-01,Perlis,137.4,133.0,4.4,80.5,63.0,3.2,2025Q3,2025,3,Northern,-0.09999999999999964,-0.5999999999999996,11
2017-01-01,Pulau Pinang,848.9,835.3,13.6,392.1,68.4,1.6,2017Q1,2017,1,Northern,,,3
2017-04-01,Pulau Pinang,828.8,813.2,15.6,415.2,66.6,1.9,2017Q2,2017,2,Northern,0.2999999999999998,,3
2017-07-01,Pulau Pinang,833.3,814.6,18.8,413.0,66.9,2.3,2017Q3,2017,3,Northern,0.3999999999999999,,3
2017-10-01,Pulau Pinang,857.3,837.3,20.0,393.3,68.6,2.3,2017Q4,2017,4,Northern,0.0,,3
2018-01-01,Pulau Pinang,846.6,830.9,15.8,407.6,67.5,1.9,2018Q1,2018,1,Northern,-0.3999999999999999,0.2999999999999998,3
2018-04-01,Pulau Pinang,859.9,840.7,19.3,399.3,68.3,2.2,2018Q2,2018,2,Northern,0.30000000000000027,0.30000000000000027,3
2018-07-01,Pulau Pinang,859.8,839.7,20.2,405.3,68.0,2.3,2018Q3,2018,3,Northern,0.09999999999999964,0.0,5
2018-10-01,Pulau Pinang,842.0,821.8,20.2,419.1,66.8,2.4,2018Q4,2018,4,Northern,0.10000000000000009,0.10000000000000009,3
2019-01-01,Pulau Pinang,845.7,829.4,16.2,419.7,66.8,1.9,2019Q1,2019,1,Northern,-0.5,0.0,3
2019-04-01,Pulau Pinang,867.7,851.3,16.4,398.5,68.5,1.9,2019Q2,2019,2,Northern,0.0,-0.30000000000000027,3
2019-07-01,Pulau Pinang,857.7,841.7,16.0,413.4,67.5,1.9,2019Q3,2019,3,Northern,0.0,-0.3999999999999999,3
2019-10-01,Pulau Pinang,854.0,835.0,19.0,419.5,67.1,2.2,2019Q4,2019,4,Northern,0.30000000000000027,-0.19999999999999973,4
2020-01-01,Pulau Pinang,868.8,850.7,18.0,408.3,68.0,2.1,2020Q1,2020,1,Northern,-0.10000000000000009,0.20000000000000018,3
2020-04-01,Pulau Pinang,859.9,822.7,37.2,419.6,67.2,4.3,2020Q2,2020,2,Northern,2.1999999999999997,2.4,10
2020-07-01,Pulau Pinang,860.9,826.0,34.8,430.2,66.7,4.0,2020Q3,2020,3,Northern,-0.2999999999999998,2.1,9
2020-10-01,Pulau Pinang,915.4,881.9,33.6,372.1,71.1,3.7,2020Q4,2020,4,Northern,-0.2999999999999998,1.5,3
2021-01-01,Pulau Pinang,908.5,876.4,32.1,375.8,70.7,3.5,2021Q1,2021,1,Northern,-0.20000000000000018,1.4,2
2021-04-01,Pulau Pinang,951.1,913.9,37.2,342.9,73.5,3.9,2021Q2,2021,2,Northern,0.3999999999999999,-0.3999999999999999,6
2021-07-01,Pulau Pinang,915.6,881.5,34.0,379.1,70.7,3.7,2021Q3,2021,3,Northern,-0.19999999999999973,-0.2999999999999998,4
2021-10-01,Pulau Pinang,937.9,908.1,29.9,363.0,72.1,3.2,2021Q4,2021,4,Northern,-0.5,-0.5,5
2022-01-01,Pulau Pinang,924.7,894.6,30.1,375.9,71.1,3.3,2022Q1,2022,1,Northern,0.09999999999999964,-0.20000000000000018,7
2022-04-01,Pulau Pinang,926.6,900.1,26.5,374.6,71.2,2.9,2022Q2,2022,2,Northern,-0.3999999999999999,-1.0,3
2022-07-01,Pulau Pinang,926.4,902.3,24.1,380.4,70.9,2.6,2022Q3,2022,3,Northern,-0.2999999999999998,-1.1,4
2022-10-01,Pulau Pinang,946.1,924.4,21.7,371.2,71.8,2.3,2022Q4,2022,4,Northern,-0.30000000000000027,-0.9000000000000004,3
2023-01-01,Pulau Pinang,937.4,916.0,21.5,375.9,71.4,2.3,2023Q1,2023,1,Northern,0.0,-1.0,3
2023-04-01,Pulau Pinang,943.6,923.5,20.1,372.5,71.7,2.1,2023Q2,2023,2,Northern,-0.19999999999999973,-0.7999999999999998,2
2023-07-01,Pulau Pinang,959.8,939.4,20.4,364.1,72.5,2.1,2023Q3,2023,3,Northern,0.0,-0.5,2
2023-10-01,Pulau Pinang,965.7,946.0,19.7,352.5,73.3,2.0,2023Q4,2023,4,Northern,-0.10000000000000009,-0.2999999999999998,2
2024-01-01,Pulau Pinang,956.7,936.7,20.0,366.0,72.3,2.1,2024Q1,2024,1,Northern,0.10000000000000009,-0.19999999999999973,3
2024-04-01,Pulau Pinang,951.6,933.9,17.7,364.5,72.3,1.9,2024Q2,2024,2,Northern,-0.20000000000000018,-0.20000000000000018,3
2024-07-01,Pulau Pinang,940.5,919.0,21.6,375.8,71.4,2.3,2024Q3,2024,3,Northern,0.3999999999999999,0.19999999999999973,5
2024-10-01,Pulau Pinang,938.2,914.1,24.1,383.8,71.0,2.6,2024Q4,2024,4,Northern,0.30000000000000027,0.6000000000000001,7
2025-01-01,Pulau Pinang,947.3,923.2,24.1,385.2,71.1,2.5,2025Q1,2025,1,Northern,-0.10000000000000009,0.3999999999999999,6
2025-04-01,Pulau Pinang,955.2,931.0,24.2,385.7,71.2,2.5,2025Q2,2025,2,Northern,0.0,0.6000000000000001,6
2025-07-01,Pulau Pinang,960.4,934.2,26.2,386.9,71.3,2.7,2025Q3,2025,3,Northern,0.20000000000000018,0.40000000000000036,7
2017-01-01,Sabah,1899.7,1794.8,105.0,868.5,68.6,5.5,2017Q1,2017,1,Borneo (East Malaysia),,,15
2017-04-01,Sabah,1885.5,1774.5,111.0,894.3,67.8,5.9,2017Q2,2017,2,Borneo (East Malaysia),0.40000000000000036,,15
2017-07-01,Sabah,1910.7,1790.2,120.5,877.3,68.5,6.3,2017Q3,2017,3,Borneo (East Malaysia),0.39999999999999947,,15
2017-10-01,Sabah,1880.5,1766.7,113.8,921.2,67.1,6.1,2017Q4,2017,4,Borneo (East Malaysia),-0.20000000000000018,,15
2018-01-01,Sabah,1958.6,1830.1,128.5,864.4,69.4,6.6,2018Q1,2018,1,Borneo (East Malaysia),0.5,1.0999999999999996,15
2018-04-01,Sabah,1944.4,1841.3,103.1,890.8,68.6,5.3,2018Q2,2018,2,Borneo (East Malaysia),-1.2999999999999998,-0.6000000000000005,15
2018-07-01,Sabah,1895.4,1771.2,124.2,954.5,66.5,6.6,2018Q3,2018,3,Borneo (East Malaysia),1.2999999999999998,0.2999999999999998,16
2018-10-01,Sabah,2031.0,1922.7,108.3,831.3,71.0,5.3,2018Q4,2018,4,Borneo (East Malaysia),-1.2999999999999998,-0.7999999999999998,16
2019-01-01,Sabah,2033.5,1926.2,107.2,843.6,70.7,5.3,2019Q1,2019,1,Borneo (East Malaysia),0.0,-1.2999999999999998,16
2019-04-01,Sabah,2004.6,1882.4,122.2,887.3,69.3,6.1,2019Q2,2019,2,Borneo (East Malaysia),0.7999999999999998,0.7999999999999998,16
2019-07-01,Sabah,2046.8,1910.2,136.5,857.3,70.5,6.7,2019Q3,2019,3,Borneo (East Malaysia),0.6000000000000005,0.10000000000000053,16
2019-10-01,Sabah,2114.1,1999.8,114.3,806.2,72.4,5.4,2019Q4,2019,4,Borneo (East Malaysia),-1.2999999999999998,0.10000000000000053,16
2020-01-01,Sabah,2133.9,1990.9,143.0,799.8,72.7,6.7,2020Q1,2020,1,Borneo (East Malaysia),1.2999999999999998,1.4000000000000004,16
2020-04-01,Sabah,2132.3,1938.1,194.2,816.2,72.3,9.1,2020Q2,2020,2,Borneo (East Malaysia),2.3999999999999995,3.0,16
2020-07-01,Sabah,2052.7,1876.9,175.8,911.9,69.2,8.6,2020Q3,2020,3,Borneo (East Malaysia),-0.5,1.8999999999999995,16
2020-10-01,Sabah,1984.6,1817.8,166.7,995.2,66.6,8.4,2020Q4,2020,4,Borneo (East Malaysia),-0.1999999999999993,3.0,16
2021-01-01,Sabah,2019.6,1839.4,180.2,971.8,67.5,8.9,2021Q1,2021,1,Borneo (East Malaysia),0.5,2.2,15
2021-04-01,Sabah,2004.4,1829.3,175.1,999.9,66.7,8.7,2021Q2,2021,2,Borneo (East Malaysia),-0.20000000000000107,-0.40000000000000036,15
2021-07-01,Sabah,1982.1,1803.5,178.6,1027.8,65.9,9.0,2021Q3,2021,3,Borneo (East Malaysia),0.3000000000000007,0.40000000000000036,16
2021-10-01,Sabah,2045.9,1861.7,184.2,985.1,67.5,9.0,2021Q4,2021,4,Borneo (East Malaysia),0.0,0.5999999999999996,16
2022-01-01,Sabah,2059.5,1871.1,188.3,983.5,67.7,9.1,2022Q1,2022,1,Borneo (East Malaysia),0.09999999999999964,0.1999999999999993,16
2022-04-01,Sabah,2062.9,1885.9,177.0,993.9,67.5,8.6,2022Q2,2022,2,Borneo (East Malaysia),-0.5,-0.09999999999999964,16
2022-07-01,Sabah,2122.4,1948.2,174.2,951.8,69.0,8.2,2022Q3,2022,3,Borneo (East Malaysia),-0.40000000000000036,-0.8000000000000007,16
2022-10-01,Sabah,2176.5,1999.8,176.7,907.6,70.6,8.1,2022Q4,2022,4,Borneo (East Malaysia),-0.09999999999999964,-0.9000000000000004,16
2023-01-01,Sabah,2198.0,2028.2,169.8,914.2,70.6,7.7,2023Q1,2023,1,Borneo (East Malaysia),-0.39999999999999947,-1.3999999999999995,16
2023-04-01,Sabah,2203.7,2038.1,165.6,908.9,70.8,7.5,2023Q2,2023,2,Borneo (East Malaysia),-0.20000000000000018,-1.0999999999999996,16
2023-07-01,Sabah,2211.5,2045.2,166.3,921.9,70.6,7.5,2023Q3,2023,3,Borneo (East Malaysia),0.0,-0.6999999999999993,16
2023-10-01,Sabah,2226.9,2061.2,165.6,921.3,70.7,7.4,2023Q4,2023,4,Borneo (East Malaysia),-0.09999999999999964,-0.6999999999999993,16
2024-01-01,Sabah,1818.7,1674.2,144.5,770.5,70.2,7.9,2024Q1,2024,1,Borneo (East Malaysia),0.5,0.20000000000000018,16
2024-04-01,Sabah,1849.7,1710.1,139.7,754.8,71.0,7.5,2024Q2,2024,2,Borneo (East Malaysia),-0.40000000000000036,0.0,16
2024-07-01,Sabah,1861.1,1720.2,140.9,745.7,71.4,7.6,2024Q3,2024,3,Borneo (East Malaysia),0.09999999999999964,0.09999999999999964,16
2024-10-01,Sabah,1887.3,1750.7,136.6,776.4,70.9,7.2,2024Q4,2024,4,Borneo (East Malaysia),-0.39999999999999947,-0.20000000000000018,16
2025-01-01,Sabah,1902.4,1775.8,126.6,799.1,70.4,6.7,2025Q1,2025,1,Borneo (East Malaysia),-0.5,-1.2000000000000002,16
2025-04-01,Sabah,1933.4,1813.1,120.3,814.0,70.4,6.2,2025Q2,2025,2,Borneo (East Malaysia),-0.5,-1.2999999999999998,16
2025-07-01,Sabah,1950.2,1839.9,110.3,817.9,70.5,5.7,2025Q3,2025,3,Borneo (East Malaysia),-0.5,-1.8999999999999995,16
2017-01-01,Sarawak,1322.3,1279.6,42.6,575.4,69.7,3.2,2017Q1,2017,1,Borneo (East Malaysia),,,8
2017-04-01,Sarawak,1296.2,1252.2,44.1,611.7,67.9,3.4,2017Q2,2017,2,Borneo (East Malaysia),0.19999999999999973,,9
2017-07-01,Sarawak,1265.9,1227.5,38.4,644.9,66.3,3.0,2017Q3,2017,3,Borneo (East Malaysia),-0.3999999999999999,,8
2017-10-01,Sarawak,1304.7,1270.7,34.0,615.5,67.9,2.6,2017Q4,2017,4,Borneo (East Malaysia),-0.3999999999999999,,4
2018-01-01,Sarawak,1288.0,1245.7,42.2,632.3,67.1,3.3,2018Q1,2018,1,Borneo (East Malaysia),0.6999999999999997,0.09999999999999964,11
2018-04-01,Sarawak,1307.1,1263.1,44.0,625.9,67.6,3.4,2018Q2,2018,2,Borneo (East Malaysia),0.10000000000000009,0.0,9
2018-07-01,Sarawak,1333.2,1294.0,39.2,607.9,68.7,2.9,2018Q3,2018,3,Borneo (East Malaysia),-0.5,-0.10000000000000009,7
2018-10-01,Sarawak,1370.2,1328.0,42.2,594.3,69.7,3.1,2018Q4,2018,4,Borneo (East Malaysia),0.20000000000000018,0.5,9
2019-01-01,Sarawak,1380.2,1334.1,46.1,585.3,70.2,3.3,2019Q1,2019,1,Borneo (East Malaysia),0.19999999999999973,0.0,10
2019-04-01,Sarawak,1327.5,1292.7,34.8,641.4,67.4,2.6,2019Q2,2019,2,Borneo (East Malaysia),-0.6999999999999997,-0.7999999999999998,6
2019-07-01,Sarawak,1317.7,1273.1,44.6,660.0,66.6,3.4,2019Q3,2019,3,Borneo (East Malaysia),0.7999999999999998,0.5,12
2019-10-01,Sarawak,1351.3,1303.1,48.3,632.5,68.1,3.6,2019Q4,2019,4,Borneo (East Malaysia),0.20000000000000018,0.5,12
2020-01-01,Sarawak,1353.8,1309.1,44.7,633.9,68.1,3.3,2020Q1,2020,1,Borneo (East Malaysia),-0.30000000000000027,0.0,9
2020-04-01,Sarawak,1342.2,1266.2,76.0,668.3,66.8,5.7,2020Q2,2020,2,Borneo (East Malaysia),2.4000000000000004,3.1,14
2020-07-01,Sarawak,1358.3,1305.6,52.8,657.3,67.4,3.9,2020Q3,2020,3,Borneo (East Malaysia),-1.8000000000000003,0.5,7
2020-10-01,Sarawak,1353.7,1293.4,60.3,662.5,67.1,4.5,2020Q4,2020,4,Borneo (East Malaysia),0.6000000000000001,0.8999999999999999,10
2021-01-01,Sarawak,1365.7,1301.5,64.2,657.9,67.5,4.7,2021Q1,2021,1,Borneo (East Malaysia),0.20000000000000018,1.4000000000000004,12
2021-04-01,Sarawak,1418.8,1356.1,62.6,625.2,69.4,4.4,2021Q2,2021,2,Borneo (East Malaysia),-0.2999999999999998,-1.2999999999999998,9
2021-07-01,Sarawak,1419.1,1354.3,64.7,615.7,69.7,4.6,2021Q3,2021,3,Borneo (East Malaysia),0.1999999999999993,0.6999999999999997,10
2021-10-01,Sarawak,1441.7,1384.1,57.6,603.3,70.5,4.0,2021Q4,2021,4,Borneo (East Malaysia),-0.5999999999999996,-0.5,9
2022-01-01,Sarawak,1440.8,1395.0,45.7,602.9,70.5,3.2,2022Q1,2022,1,Borneo (East Malaysia),-0.7999999999999998,-1.5,4
2022-04-01,Sarawak,1453.1,1404.9,48.2,598.6,70.8,3.3,2022Q2,2022,2,Borneo (East Malaysia),0.09999999999999964,-1.1000000000000005,7
2022-07-01,Sarawak,1443.0,1400.1,42.9,622.9,69.8,3.0,2022Q3,2022,3,Borneo (East Malaysia),-0.2999999999999998,-1.5999999999999996,7
2022-10-01,Sarawak,1449.8,1405.3,44.5,627.8,69.8,3.1,2022Q4,2022,4,Borneo (East Malaysia),0.10000000000000009,-0.8999999999999999,10
2023-01-01,Sarawak,1442.5,1393.5,49.0,636.8,69.4,3.4,2023Q1,2023,1,Borneo (East Malaysia),0.2999999999999998,0.19999999999999973,12
2023-04-01,Sarawak,1456.3,1403.1,53.1,630.1,69.8,3.6,2023Q2,2023,2,Borneo (East Malaysia),0.20000000000000018,0.30000000000000027,12
2023-07-01,Sarawak,1464.0,1414.9,49.1,630.4,69.9,3.4,2023Q3,2023,3,Borneo (East Malaysia),-0.20000000000000018,0.3999999999999999,11
2023-10-01,Sarawak,1479.0,1428.2,50.8,620.0,70.5,3.4,2023Q4,2023,4,Borneo (East Malaysia),0.0,0.2999999999999998,12
2024-01-01,Sarawak,1239.1,1195.2,43.9,547.4,69.4,3.5,2024Q1,2024,1,Borneo (East Malaysia),0.10000000000000009,0.10000000000000009,10
2024-04-01,Sarawak,1264.5,1223.9,40.6,529.6,70.5,3.2,2024Q2,2024,2,Borneo (East Malaysia),-0.2999999999999998,-0.3999999999999999,10
2024-07-01,Sarawak,1259.8,1221.6,38.1,532.3,70.3,3.0,2024Q3,2024,3,Borneo (East Malaysia),-0.20000000000000018,-0.3999999999999999,9
2024-10-01,Sarawak,1257.6,1214.8,42.9,537.6,70.1,3.4,2024Q4,2024,4,Borneo (East Malaysia),0.3999999999999999,0.0,10
2025-01-01,Sarawak,1254.3,1210.5,43.8,545.7,69.7,3.5,2025Q1,2025,1,Borneo (East Malaysia),0.10000000000000009,0.0,13
2025-04-01,Sarawak,1260.3,1218.4,41.8,547.4,69.7,3.3,2025Q2,2025,2,Borneo (East Malaysia),-0.20000000000000018,0.09999999999999964,11
2025-07-01,Sarawak,1258.3,1219.7,38.6,552.2,69.5,3.1,2025Q3,2025,3,Borneo (East Malaysia),-0.19999999999999973,0.10000000000000009,10
2017-01-01,Selangor,3336.5,3223.1,113.4,1197.7,73.6,3.4,2017Q1,2017,1,Central,,,9
2017-04-01,Selangor,3372.2,3284.2,88.0,1189.8,73.9,2.6,2017Q2,2017,2,Central,-0.7999999999999998,,5
2017-07-01,Selangor,3492.5,3397.8,94.8,1095.1,76.1,2.7,2017Q3,2017,3,Central,0.10000000000000009,,6
2017-10-01,Selangor,3502.3,3411.4,90.9,1101.4,76.1,2.6,2017Q4,2017,4,Central,-0.10000000000000009,,4
2018-01-01,Selangor,3440.9,3363.1,77.8,1176.9,74.5,2.3,2018Q1,2018,1,Central,-0.30000000000000027,-1.1,4
2018-04-01,Selangor,3536.4,3429.4,106.9,1108.8,76.1,3.0,2018Q2,2018,2,Central,0.7000000000000002,0.3999999999999999,7
2018-07-01,Selangor,3613.3,3507.3,106.0,1055.8,77.4,2.9,2018Q3,2018,3,Central,-0.10000000000000009,0.19999999999999973,7
2018-10-01,Selangor,3513.2,3399.8,113.4,1166.3,75.1,3.2,2018Q4,2018,4,Central,0.30000000000000027,0.6000000000000001,11
2019-01-01,Selangor,3514.8,3412.1,102.7,1183.2,74.8,2.9,2019Q1,2019,1,Central,-0.30000000000000027,0.6000000000000001,6
2019-04-01,Selangor,3494.2,3407.6,86.6,1227.6,74.0,2.5,2019Q2,2019,2,Central,-0.3999999999999999,-0.5,4
2019-07-01,Selangor,3728.3,3651.4,76.9,1012.8,78.6,2.1,2019Q3,2019,3,Central,-0.3999999999999999,-0.7999999999999998,4
2019-10-01,Selangor,3648.3,3559.9,88.3,1119.8,76.5,2.4,2019Q4,2019,4,Central,0.2999999999999998,-0.8000000000000003,6
2020-01-01,Selangor,3523.9,3443.8,80.1,1264.1,73.6,2.3,2020Q1,2020,1,Central,-0.10000000000000009,-0.6000000000000001,4
2020-04-01,Selangor,3529.0,3367.7,161.3,1281.8,73.4,4.6,2020Q2,2020,2,Central,2.3,2.0999999999999996,11
2020-07-01,Selangor,3689.6,3511.9,177.7,1149.7,76.2,4.8,2020Q3,2020,3,Central,0.20000000000000018,2.6999999999999997,13
2020-10-01,Selangor,3881.9,3707.0,174.9,984.4,79.8,4.5,2020Q4,2020,4,Central,-0.2999999999999998,2.1,10
2021-01-01,Selangor,3881.8,3708.5,173.2,1047.4,78.8,4.5,2021Q1,2021,1,Central,0.0,2.2,10
2021-04-01,Selangor,3715.6,3550.5,165.0,1244.8,74.9,4.4,2021Q2,2021,2,Central,-0.09999999999999964,-0.1999999999999993,9
2021-07-01,Selangor,3715.9,3583.9,132.0,1261.5,74.7,3.6,2021Q3,2021,3,Central,-0.8000000000000003,-1.1999999999999997,3
2021-10-01,Selangor,3658.6,3553.3,105.3,1279.7,74.1,2.9,2021Q4,2021,4,Central,-0.7000000000000002,-1.6,2
2022-01-01,Selangor,3715.6,3597.5,118.1,1231.9,75.1,3.2,2022Q1,2022,1,Central,0.30000000000000027,-1.2999999999999998,4
2022-04-01,Selangor,3760.5,3649.7,110.8,1208.0,75.7,2.9,2022Q2,2022,2,Central,-0.30000000000000027,-1.5000000000000004,3
2022-07-01,Selangor,3766.9,3647.1,119.7,1220.1,75.5,3.2,2022Q3,2022,3,Central,0.30000000000000027,-0.3999999999999999,11
2022-10-01,Selangor,3809.6,3697.4,112.2,1209.9,75.9,2.9,2022Q4,2022,4,Central,-0.30000000000000027,0.0,9
2023-01-01,Selangor,3850.6,3750.9,99.7,1181.7,76.5,2.6,2023Q1,2023,1,Central,-0.2999999999999998,-0.6000000000000001,5
2023-04-01,Selangor,3886.6,3791.3,95.3,1155.6,77.1,2.5,2023Q2,2023,2,Central,-0.10000000000000009,-0.3999999999999999,6
2023-07-01,Selangor,3904.1,3814.4,89.7,1167.3,77.0,2.3,2023Q3,2023,3,Central,-0.20000000000000018,-0.9000000000000004,3
2023-10-01,Selangor,3901.2,3813.2,88.0,1216.1,76.2,2.3,2023Q4,2023,4,Central,0.0,-0.6000000000000001,5
2024-01-01,Selangor,4021.2,3926.8,94.4,1199.2,77.0,2.3,2024Q1,2024,1,Central,0.0,-0.30000000000000027,6
2024-04-01,Selangor,4045.4,3937.0,108.5,1237.1,76.6,2.7,2024Q2,2024,2,Central,0.40000000000000036,0.20000000000000018,7
2024-07-01,Selangor,4123.0,4018.4,104.6,1252.1,76.7,2.5,2024Q3,2024,3,Central,-0.20000000000000018,0.20000000000000018,6
2024-10-01,Selangor,4120.3,4039.6,80.7,1206.2,77.4,2.0,2024Q4,2024,4,Central,-0.5,-0.2999999999999998,2
2025-01-01,Selangor,4151.6,4061.1,90.4,1174.9,77.9,2.2,2025Q1,2025,1,Central,0.20000000000000018,-0.09999999999999964,4
2025-04-01,Selangor,4182.5,4101.4,81.1,1182.2,78.0,1.9,2025Q2,2025,2,Central,-0.30000000000000027,-0.8000000000000003,3
2025-07-01,Selangor,4209.5,4132.0,77.5,1171.2,78.2,1.8,2025Q3,2025,3,Central,-0.09999999999999987,-0.7,3
2017-01-01,Terengganu,467.0,447.2,19.8,291.0,61.6,4.2,2017Q1,2017,1,East Coast,,,13
2017-04-01,Terengganu,455.7,432.1,23.6,303.1,60.1,5.2,2017Q2,2017,2,East Coast,1.0,,14
2017-07-01,Terengganu,454.2,430.1,24.1,309.0,59.5,5.3,2017Q3,2017,3,East Coast,0.09999999999999964,,14
2017-10-01,Terengganu,467.4,442.9,24.5,302.8,60.7,5.2,2017Q4,2017,4,East Coast,-0.09999999999999964,,14
2018-01-01,Terengganu,468.5,446.1,22.4,306.7,60.4,4.8,2018Q1,2018,1,East Coast,-0.40000000000000036,0.5999999999999996,14
2018-04-01,Terengganu,468.4,442.4,26.0,310.2,60.2,5.6,2018Q2,2018,2,East Coast,0.7999999999999998,0.39999999999999947,16
2018-07-01,Terengganu,474.9,451.4,23.5,311.3,60.4,4.9,2018Q3,2018,3,East Coast,-0.6999999999999993,-0.39999999999999947,15
2018-10-01,Terengganu,478.5,458.7,19.8,311.4,60.6,4.1,2018Q4,2018,4,East Coast,-0.8000000000000007,-1.1000000000000005,13
2019-01-01,Terengganu,483.1,463.7,19.4,311.9,60.8,4.0,2019Q1,2019,1,East Coast,-0.09999999999999964,-0.7999999999999998,11
2019-04-01,Terengganu,485.1,465.9,19.2,312.0,60.9,4.0,2019Q2,2019,2,East Coast,0.0,-1.5999999999999996,12
2019-07-01,Terengganu,496.8,481.0,15.7,305.9,61.9,3.2,2019Q3,2019,3,East Coast,-0.7999999999999998,-1.7000000000000002,10
2019-10-01,Terengganu,495.0,478.7,16.2,312.5,61.3,3.3,2019Q4,2019,4,East Coast,0.09999999999999964,-0.7999999999999998,11
2020-01-01,Terengganu,503.8,487.1,16.7,309.3,62.0,3.3,2020Q1,2020,1,East Coast,0.0,-0.7000000000000002,9
2020-04-01,Terengganu,488.3,469.8,18.5,328.3,59.8,3.8,2020Q2,2020,2,East Coast,0.5,-0.20000000000000018,5
2020-07-01,Terengganu,458.5,440.7,17.8,362.3,55.9,3.9,2020Q3,2020,3,East Coast,0.10000000000000009,0.6999999999999997,7
2020-10-01,Terengganu,485.4,466.2,19.2,337.3,59.0,4.0,2020Q4,2020,4,East Coast,0.10000000000000009,0.7000000000000002,6
2021-01-01,Terengganu,492.4,474.2,18.3,335.8,59.5,3.7,2021Q1,2021,1,East Coast,-0.2999999999999998,0.40000000000000036,6
2021-04-01,Terengganu,480.5,460.5,20.0,359.8,57.2,4.2,2021Q2,2021,2,East Coast,0.5,0.40000000000000036,8
2021-07-01,Terengganu,472.7,451.8,20.9,362.7,56.6,4.4,2021Q3,2021,3,East Coast,0.20000000000000018,0.5000000000000004,9
2021-10-01,Terengganu,484.6,464.7,19.9,358.2,57.5,4.1,2021Q4,2021,4,East Coast,-0.3000000000000007,0.09999999999999964,10
2022-01-01,Terengganu,498.8,476.3,22.6,348.1,58.9,4.5,2022Q1,2022,1,East Coast,0.40000000000000036,0.7999999999999998,13
2022-04-01,Terengganu,501.6,479.4,22.2,347.9,59.0,4.4,2022Q2,2022,2,East Coast,-0.09999999999999964,0.20000000000000018,14
2022-07-01,Terengganu,504.0,482.1,21.9,352.4,58.8,4.3,2022Q3,2022,3,East Coast,-0.10000000000000053,-0.10000000000000053,14
2022-10-01,Terengganu,514.4,492.0,22.4,345.3,59.8,4.3,2022Q4,2022,4,East Coast,0.0,0.20000000000000018,14
2023-01-01,Terengganu,521.0,499.4,21.7,343.7,60.3,4.2,2023Q1,2023,1,East Coast,-0.09999999999999964,-0.2999999999999998,14
2023-04-01,Terengganu,525.9,502.3,23.6,343.4,60.5,4.5,2023Q2,2023,2,East Coast,0.2999999999999998,0.09999999999999964,14
2023-07-01,Terengganu,523.3,500.1,23.2,347.4,60.1,4.4,2023Q3,2023,3,East Coast,-0.09999999999999964,0.10000000000000053,14
2023-10-01,Terengganu,524.3,500.1,24.2,350.0,60.0,4.6,2023Q4,2023,4,East Coast,0.1999999999999993,0.2999999999999998,14
2024-01-01,Terengganu,492.9,474.0,18.9,319.6,60.7,3.8,2024Q1,2024,1,East Coast,-0.7999999999999998,-0.40000000000000036,12
2024-04-01,Terengganu,494.9,477.8,17.1,318.3,60.9,3.4,2024Q2,2024,2,East Coast,-0.3999999999999999,-1.1,12
2024-07-01,Terengganu,491.8,476.9,14.9,324.4,60.3,3.0,2024Q3,2024,3,East Coast,-0.3999999999999999,-1.4000000000000004,9
2024-10-01,Terengganu,502.7,485.8,16.9,318.3,61.2,3.4,2024Q4,2024,4,East Coast,0.3999999999999999,-1.1999999999999997,10
2025-01-01,Terengganu,498.2,483.7,14.6,326.8,60.4,2.9,2025Q1,2025,1,East Coast,-0.5,-0.8999999999999999,10
2025-04-01,Terengganu,504.5,490.6,14.0,324.3,60.9,2.8,2025Q2,2025,2,East Coast,-0.10000000000000009,-0.6000000000000001,8
2025-07-01,Terengganu,507.6,493.0,14.6,326.7,60.8,2.9,2025Q3,2025,3,East Coast,0.10000000000000009,-0.10000000000000009,8
2017-01-01,W.P. Kuala Lumpur,846.1,817.2,28.9,420.2,66.8,3.4,2017Q1,2017,1,Central,,,9
2017-04-01,W.P. Kuala Lumpur,884.2,852.7,31.5,386.1,69.6,3.6,2017Q2,2017,2,Central,0.20000000000000018,,11
2017-07-01,W.P. Kuala Lumpur,890.0,866.7,23.3,377.6,70.2,2.6,2017Q3,2017,3,Central,-1.0,,4
2017-10-01,W.P. Kuala Lumpur,876.0,852.8,23.2,395.1,68.9,2.7,2017Q4,2017,4,Central,0.10000000000000009,,6
2018-01-01,W.P. Kuala Lumpur,861.9,837.5,24.3,378.5,69.5,2.8,2018Q1,2018,1,Central,0.09999999999999964,-0.6000000000000001,7
2018-04-01,W.P. Kuala Lumpur,823.2,805.4,17.8,413.5,66.6,2.2,2018Q2,2018,2,Central,-0.5999999999999996,-1.4,3
2018-07-01,W.P. Kuala Lumpur,839.5,820.8,18.7,408.8,67.3,2.2,2018Q3,2018,3,Central,0.0,-0.3999999999999999,4
2018-10-01,W.P. Kuala Lumpur,820.9,801.2,19.7,413.2,66.5,2.4,2018Q4,2018,4,Central,0.19999999999999973,-0.30000000000000027,3
2019-01-01,W.P. Kuala Lumpur,852.5,833.1,19.4,387.7,68.7,2.3,2019Q1,2019,1,Central,-0.10000000000000009,-0.5,4
2019-04-01,W.P. Kuala Lumpur,876.2,848.2,28.0,359.0,70.9,3.2,2019Q2,2019,2,Central,0.9000000000000004,1.0,9
2019-07-01,W.P. Kuala Lumpur,893.4,871.4,22.0,341.7,72.3,2.5,2019Q3,2019,3,Central,-0.7000000000000002,0.2999999999999998,6
2019-10-01,W.P. Kuala Lumpur,834.1,813.6,20.5,390.3,68.1,2.5,2019Q4,2019,4,Central,0.0,0.10000000000000009,7
2020-01-01,W.P. Kuala Lumpur,900.3,877.2,23.1,341.8,72.5,2.6,2020Q1,2020,1,Central,0.10000000000000009,0.30000000000000027,6
2020-04-01,W.P. Kuala Lumpur,884.0,850.7,33.2,346.0,71.9,3.8,2020Q2,2020,2,Central,1.1999999999999997,0.5999999999999996,5
2020-07-01,W.P. Kuala Lumpur,892.4,859.5,32.8,336.8,72.6,3.7,2020Q3,2020,3,Central,-0.09999999999999964,1.2000000000000002,5
2020-10-01,W.P. Kuala Lumpur,892.0,848.7,43.3,323.3,73.4,4.9,2020Q4,2020,4,Central,1.2000000000000002,2.4000000000000004,12
2021-01-01,W.P. Kuala Lumpur,919.6,874.1,45.5,310.0,74.8,4.9,2021Q1,2021,1,Central,0.0,2.3000000000000003,13
2021-04-01,W.P. Kuala Lumpur,918.6,875.0,43.6,332.2,73.4,4.7,2021Q2,2021,2,Central,-0.20000000000000018,0.9000000000000004,12
2021-07-01,W.P. Kuala Lumpur,900.7,857.5,43.2,322.6,73.6,4.8,2021Q3,2021,3,Central,0.09999999999999964,1.0999999999999996,11
2021-10-01,W.P. Kuala Lumpur,918.2,872.6,45.6,311.0,74.7,5.0,2021Q4,2021,4,Central,0.20000000000000018,0.09999999999999964,14
2022-01-01,W.P. Kuala Lumpur,902.4,859.5,42.9,308.2,74.5,4.8,2022Q1,2022,1,Central,-0.20000000000000018,-0.10000000000000053,14
2022-04-01,W.P. Kuala Lumpur,898.8,859.9,38.9,308.7,74.4,4.3,2022Q2,2022,2,Central,-0.5,-0.40000000000000036,13
2022-07-01,W.P. Kuala Lumpur,888.6,857.2,31.3,314.7,73.8,3.5,2022Q3,2022,3,Central,-0.7999999999999998,-1.2999999999999998,12
2022-10-01,W.P. Kuala Lumpur,859.0,831.6,27.4,337.2,71.8,3.2,2022Q4,2022,4,Central,-0.2999999999999998,-1.7999999999999998,11
2023-01-01,W.P. Kuala Lumpur,886.0,857.3,28.7,326.6,73.1,3.2,2023Q1,2023,1,Central,0.0,-1.5999999999999996,10
2023-04-01,W.P. Kuala Lumpur,873.7,844.4,29.4,321.5,73.1,3.4,2023Q2,2023,2,Central,0.19999999999999973,-0.8999999999999999,11
2023-07-01,W.P. Kuala Lumpur,875.5,846.0,29.5,316.7,73.4,3.4,2023Q3,2023,3,Central,0.0,-0.10000000000000009,11
2023-10-01,W.P. Kuala Lumpur,874.6,845.8,28.8,312.1,73.7,3.3,2023Q4,2023,4,Central,-0.10000000000000009,0.09999999999999964,10
2024-01-01,W.P. Kuala Lumpur,1164.7,1128.9,35.8,385.2,75.1,3.1,2024Q1,2024,1,Central,-0.19999999999999973,-0.10000000000000009,9
2024-04-01,W.P. Kuala Lumpur,1193.3,1158.2,35.0,375.1,76.1,2.9,2024Q2,2024,2,Central,-0.20000000000000018,-0.5,9
2024-07-01,W.P. Kuala Lumpur,1183.7,1153.3,30.5,388.3,75.3,2.6,2024Q3,2024,3,Central,-0.2999999999999998,-0.7999999999999998,8
2024-10-01,W.P. Kuala Lumpur,1208.0,1171.7,36.3,402.9,75.0,3.0,2024Q4,2024,4,Central,0.3999999999999999,-0.2999999999999998,9
2025-01-01,W.P. Kuala Lumpur,1225.9,1192.4,33.4,399.7,75.4,2.7,2025Q1,2025,1,Central,-0.2999999999999998,-0.3999999999999999,8
2025-04-01,W.P. Kuala Lumpur,1235.0,1198.5,36.5,400.2,75.5,3.0,2025Q2,2025,2,Central,0.2999999999999998,0.10000000000000009,10
2025-07-01,W.P. Kuala Lumpur,1259.8,1218.9,40.9,407.6,75.6,3.2,2025Q3,2025,3,Central,0.20000000000000018,0.6000000000000001,11
2017-01-01,W.P. Labuan,42.6,39.4,3.2,22.7,65.2,7.5,2017Q1,2017,1,Borneo (East Malaysia),,,16
2017-04-01,W.P. Labuan,40.3,36.5,3.8,25.9,60.9,9.4,2017Q2,2017,2,Borneo (East Malaysia),1.9000000000000004,,16
2017-07-01,W.P. Labuan,42.1,38.5,3.7,24.4,63.3,8.7,2017Q3,2017,3,Borneo (East Malaysia),-0.7000000000000011,,16
2017-10-01,W.P. Labuan,42.7,39.4,3.3,24.3,63.7,7.6,2017Q4,2017,4,Borneo (East Malaysia),-1.0999999999999996,,16
2018-01-01,W.P. Labuan,45.0,42.0,3.0,21.9,67.2,6.7,2018Q1,2018,1,Borneo (East Malaysia),-0.8999999999999995,-0.7999999999999998,16
2018-04-01,W.P. Labuan,47.2,44.8,2.4,21.9,68.4,5.1,2018Q2,2018,2,Borneo (East Malaysia),-1.6000000000000005,-4.300000000000001,14
2018-07-01,W.P. Labuan,40.8,39.4,1.4,28.1,59.3,3.5,2018Q3,2018,3,Borneo (East Malaysia),-1.5999999999999996,-5.199999999999999,12
2018-10-01,W.P. Labuan,41.9,40.4,1.5,27.2,60.6,3.6,2018Q4,2018,4,Borneo (East Malaysia),0.10000000000000009,-3.9999999999999996,12
2019-01-01,W.P. Labuan,42.8,40.7,2.0,25.9,62.3,4.8,2019Q1,2019,1,Borneo (East Malaysia),1.1999999999999997,-1.9000000000000004,14
2019-04-01,W.P. Labuan,45.5,43.4,2.1,23.9,65.6,4.6,2019Q2,2019,2,Borneo (East Malaysia),-0.20000000000000018,-0.5,13
2019-07-01,W.P. Labuan,42.4,41.2,1.1,27.8,60.4,2.6,2019Q3,2019,3,Borneo (East Malaysia),-1.9999999999999996,-0.8999999999999999,8
2019-10-01,W.P. Labuan,41.1,39.4,1.7,28.1,59.4,4.2,2019Q4,2019,4,Borneo (East Malaysia),1.6,0.6000000000000001,13
2020-01-01,W.P. Labuan,45.5,44.4,1.1,26.1,63.6,2.5,2020Q1,2020,1,Borneo (East Malaysia),-1.7000000000000002,-2.3,5
2020-04-01,W.P. Labuan,45.5,42.7,2.9,26.6,63.1,6.4,2020Q2,2020,2,Borneo (East Malaysia),3.9000000000000004,1.8000000000000007,15
2020-07-01,W.P. Labuan,47.8,45.1,2.7,26.2,64.6,5.7,2020Q3,2020,3,Borneo (East Malaysia),-0.7000000000000002,3.1,15
2020-10-01,W.P. Labuan,47.0,43.2,3.9,24.3,65.9,8.2,2020Q4,2020,4,Borneo (East Malaysia),2.499999999999999,3.999999999999999,15
2021-01-01,W.P. Labuan,50.0,45.5,4.5,24.6,67.0,9.0,2021Q1,2021,1,Borneo (East Malaysia),0.8000000000000007,6.5,16
2021-04-01,W.P. Labuan,48.7,44.4,4.3,25.2,65.9,8.8,2021Q2,2021,2,Borneo (East Malaysia),-0.1999999999999993,2.4000000000000004,16
2021-07-01,W.P. Labuan,51.2,47.0,4.2,25.1,67.1,8.2,2021Q3,2021,3,Borneo (East Malaysia),-0.6000000000000014,2.499999999999999,15
2021-10-01,W.P. Labuan,51.1,47.2,3.9,24.0,68.1,7.6,2021Q4,2021,4,Borneo (East Malaysia),-0.5999999999999996,-0.5999999999999996,15
2022-01-01,W.P. Labuan,50.5,47.0,3.5,24.0,67.8,6.9,2022Q1,2022,1,Borneo (East Malaysia),-0.6999999999999993,-2.0999999999999996,15
2022-04-01,W.P. Labuan,49.8,46.2,3.6,23.6,67.9,7.2,2022Q2,2022,2,Borneo (East Malaysia),0.2999999999999998,-1.6000000000000005,15
2022-07-01,W.P. Labuan,49.3,45.9,3.4,25.1,66.3,6.9,2022Q3,2022,3,Borneo (East Malaysia),-0.2999999999999998,-1.299999999999999,15
2022-10-01,W.P. Labuan,49.3,47.0,2.2,24.9,66.4,4.5,2022Q4,2022,4,Borneo (East Malaysia),-2.4000000000000004,-3.0999999999999996,15
2023-01-01,W.P. Labuan,49.4,46.7,2.7,25.3,66.1,5.4,2023Q1,2023,1,Borneo (East Malaysia),0.9000000000000004,-1.5,15
2023-04-01,W.P. Labuan,51.7,48.0,3.8,26.3,66.3,7.3,2023Q2,2023,2,Borneo (East Malaysia),1.8999999999999995,0.09999999999999964,15
2023-07-01,W.P. Labuan,49.4,45.8,3.6,24.6,66.8,7.3,2023Q3,2023,3,Borneo (East Malaysia),0.0,0.39999999999999947,15
2023-10-01,W.P. Labuan,49.4,45.9,3.5,24.5,66.9,7.0,2023Q4,2023,4,Borneo (East Malaysia),-0.2999999999999998,2.5,15
2024-01-01,W.P. Labuan,47.4,44.1,3.3,22.9,67.4,6.9,2024Q1,2024,1,Borneo (East Malaysia),-0.09999999999999964,1.5,15
2024-04-01,W.P. Labuan,47.5,44.7,2.8,22.8,67.6,5.8,2024Q2,2024,2,Borneo (East Malaysia),-1.1000000000000005,-1.5,15
2024-07-01,W.P. Labuan,46.4,43.5,2.9,22.7,67.2,6.3,2024Q3,2024,3,Borneo (East Malaysia),0.5,-1.0,15
2024-10-01,W.P. Labuan,46.9,44.2,2.7,23.8,66.4,5.8,2024Q4,2024,4,Borneo (East Malaysia),-0.5,-1.2000000000000002,15
2025-01-01,W.P. Labuan,46.7,44.4,2.3,23.8,66.3,5.0,2025Q1,2025,1,Borneo (East Malaysia),-0.7999999999999998,-1.9000000000000004,15
2025-04-01,W.P. Labuan,47.6,45.3,2.3,24.2,66.2,4.7,2025Q2,2025,2,Borneo (East Malaysia),-0.2999999999999998,-1.0999999999999996,15
2025-07-01,W.P. Labuan,46.6,44.4,2.2,23.7,66.3,4.7,2025Q3,2025,3,Borneo (East Malaysia),0.0,-1.5999999999999996,15
2017-01-01,W.P. Putrajaya,36.0,35.5,0.5,13.3,73.1,1.3,2017Q1,2017,1,Central,,,1
2017-04-01,W.P. Putrajaya,38.3,38.0,0.3,11.5,76.9,0.8,2017Q2,2017,2,Central,-0.5,,1
2017-07-01,W.P. Putrajaya,38.3,37.6,0.7,11.9,76.2,1.9,2017Q3,2017,3,Central,1.0999999999999999,,2
2017-10-01,W.P. Putrajaya,37.5,36.8,0.7,12.1,75.6,1.9,2017Q4,2017,4,Central,0.0,,2
2018-01-01,W.P. Putrajaya,38.3,37.9,0.4,12.9,74.8,1.1,2018Q1,2018,1,Central,-0.7999999999999998,-0.19999999999999996,2
2018-04-01,W.P. Putrajaya,38.5,37.9,0.6,12.7,75.2,1.6,2018Q2,2018,2,Central,0.5,0.8,2
2018-07-01,W.P. Putrajaya,36.0,35.6,0.4,15.2,70.3,1.2,2018Q3,2018,3,Central,-0.40000000000000013,-0.7,1
2018-10-01,W.P. Putrajaya,38.2,37.7,0.5,13.2,74.3,1.3,2018Q4,2018,4,Central,0.10000000000000009,-0.5999999999999999,1
2019-01-01,W.P. Putrajaya,37.2,36.6,0.6,13.6,73.2,1.5,2019Q1,2019,1,Central,0.19999999999999996,0.3999999999999999,1
2019-04-01,W.P. Putrajaya,37.8,37.4,0.3,13.6,73.6,0.9,2019Q2,2019,2,Central,-0.6,-0.7000000000000001,1
2019-07-01,W.P. Putrajaya,36.8,36.4,0.4,14.7,71.4,1.1,2019Q3,2019,3,Central,0.20000000000000007,-0.09999999999999987,1
2019-10-01,W.P. Putrajaya,37.2,37.0,0.2,14.4,72.1,0.4,2019Q4,2019,4,Central,-0.7000000000000001,-0.9,1
2020-01-01,W.P. Putrajaya,38.5,38.5,0.1,12.6,75.3,0.2,2020Q1,2020,1,Central,-0.2,-1.3,1
2020-04-01,W.P. Putrajaya,36.6,35.9,0.8,14.2,72.1,2.1,2020Q2,2020,2,Central,1.9000000000000001,1.2000000000000002,1
2020-07-01,W.P. Putrajaya,37.6,37.1,0.4,13.4,73.7,1.2,2020Q3,2020,3,Central,-0.9000000000000001,0.09999999999999987,1
2020-10-01,W.P. Putrajaya,34.3,33.6,0.7,16.3,67.9,2.1,2020Q4,2020,4,Central,0.9000000000000001,1.7000000000000002,1
2021-01-01,W.P. Putrajaya,36.3,35.4,0.9,15.6,70.0,2.4,2021Q1,2021,1,Central,0.2999999999999998,2.1999999999999997,1
2021-04-01,W.P. Putrajaya,33.8,33.2,0.6,15.3,68.8,1.7,2021Q2,2021,2,Central,-0.7,-0.40000000000000013,1
2021-07-01,W.P. Putrajaya,35.2,34.8,0.4,14.9,70.2,1.0,2021Q3,2021,3,Central,-0.7,-0.19999999999999996,1
2021-10-01,W.P. Putrajaya,36.2,35.6,0.6,14.9,70.9,1.6,2021Q4,2021,4,Central,0.6000000000000001,-0.5,1
2022-01-01,W.P. Putrajaya,36.5,36.2,0.3,15.4,70.3,1.0,2022Q1,2022,1,Central,-0.6000000000000001,-1.4,1
2022-04-01,W.P. Putrajaya,36.3,36.0,0.3,15.1,70.7,0.9,2022Q2,2022,2,Central,-0.09999999999999998,-0.7999999999999999,1
2022-07-01,W.P. Putrajaya,36.4,36.1,0.3,14.4,71.7,1.0,2022Q3,2022,3,Central,0.09999999999999998,0.0,1
2022-10-01,W.P. Putrajaya,39.2,38.6,0.6,11.3,77.6,1.6,2022Q4,2022,4,Central,0.6000000000000001,0.0,1
2023-01-01,W.P. Putrajaya,38.9,38.6,0.3,11.9,76.5,0.8,2023Q1,2023,1,Central,-0.8,-0.19999999999999996,1
2023-04-01,W.P. Putrajaya,38.7,38.5,0.2,11.7,76.8,0.5,2023Q2,2023,2,Central,-0.30000000000000004,-0.4,1
2023-07-01,W.P. Putrajaya,38.5,38.3,0.2,12.4,75.6,0.5,2023Q3,2023,3,Central,0.0,-0.5,1
2023-10-01,W.P. Putrajaya,38.4,37.8,0.6,13.2,74.4,1.5,2023Q4,2023,4,Central,1.0,-0.10000000000000009,1
2024-01-01,W.P. Putrajaya,60.4,59.3,1.1,15.8,79.3,1.8,2024Q1,2024,1,Central,0.30000000000000004,1.0,1
2024-04-01,W.P. Putrajaya,62.0,60.9,1.1,15.2,80.3,1.8,2024Q2,2024,2,Central,0.0,1.3,1
2024-07-01,W.P. Putrajaya,60.9,60.0,0.9,16.4,78.7,1.5,2024Q3,2024,3,Central,-0.30000000000000004,1.0,1
2024-10-01,W.P. Putrajaya,59.9,58.8,1.1,18.0,76.9,1.8,2024Q4,2024,4,Central,0.30000000000000004,0.30000000000000004,1
2025-01-01,W.P. Putrajaya,61.2,60.1,1.1,17.6,77.6,1.8,2025Q1,2025,1,Central,0.0,0.0,1
2025-04-01,W.P. Putrajaya,61.8,60.9,0.9,17.9,77.6,1.4,2025Q2,2025,2,Central,-0.40000000000000013,-0.40000000000000013,1
2025-07-01,W.P. Putrajaya,62.2,61.3,0.9,17.7,77.8,1.4,2025Q3,2025,3,Central,0.0,-0.10000000000000009,1
